Cluster,Average of PURCHASES_FREQUENCY,Min of PURCHASES,Max of PURCHASES
0,1.269843229,8.4,49039.57
1,-0.704307645,1.4,17945
2,0.116239585,34,26784.62
3,-1.221758057,0,0
4,0.53702784,70,12784.51
5,-0.29890081,0,22101.78
6,-1.001541047,0.01,3191
7,0.95960715,58.32,41050.4
Grand Total,3.13219E-16,0,49039.57